{
  "timestamp": "2026-04-21T22:45:53",
  "unix": 1776829553.556467,
  "overall": {
    "n": 90,
    "citation_precision": 0.9,
    "citation_recall": 0.9,
    "citation_f1": 0.9,
    "abstain_rate": 0.12222222222222222,
    "correct_abstain_rate": 0.8888888888888888,
    "latency_total_ms": {
      "p50": 22.837832802906632,
      "p95": 65.64162508584559,
      "mean": 35.466886091873874
    },
    "latency_retrieval_ms": {
      "p50": 15.05808299407363,
      "p95": 57.18283308669925,
      "mean": 28.883944855382044
    },
    "latency_reasoning_ms": {
      "p50": 0.22258399985730648,
      "p95": 0.3779579419642687,
      "mean": 0.21884120328144896
    },
    "latency_safety_input_ms": {
      "p50": 0.028499867767095566,
      "p95": 0.0452499371021986,
      "mean": 0.030169002194371488
    },
    "latency_safety_output_ms": {
      "p50": 6.2037501484155655,
      "p95": 8.734666975215077,
      "mean": 6.30830600599034
    }
  },
  "by_lang": {
    "en": {
      "n": 30,
      "citation_precision": 0.9666666666666667,
      "citation_recall": 0.9666666666666667,
      "citation_f1": 0.9666666666666667,
      "abstain_rate": 0.16666666666666666,
      "correct_abstain_rate": 1.0,
      "latency_total_ms": {
        "p50": 55.07787503302097,
        "p95": 71.20737479999661,
        "mean": 44.29691100958735
      },
      "latency_retrieval_ms": {
        "p50": 49.56120811402798,
        "p95": 53.98641596548259,
        "mean": 37.65463881039371
      },
      "latency_reasoning_ms": {
        "p50": 0.11041597463190556,
        "p95": 0.21604099310934544,
        "mean": 0.11824293372531731
      },
      "latency_safety_input_ms": {
        "p50": 0.026374822482466698,
        "p95": 0.03879191353917122,
        "mean": 0.027645813922087353
      },
      "latency_safety_output_ms": {
        "p50": 6.016041850671172,
        "p95": 9.445250034332275,
        "mean": 6.468947130876283
      }
    },
    "es": {
      "n": 30,
      "citation_precision": 0.8666666666666667,
      "citation_recall": 0.8666666666666667,
      "citation_f1": 0.8666666666666667,
      "abstain_rate": 0.06666666666666667,
      "correct_abstain_rate": 0.6666666666666666,
      "latency_total_ms": {
        "p50": 23.396958131343126,
        "p95": 77.69129192456603,
        "mean": 41.29146936660012
      },
      "latency_retrieval_ms": {
        "p50": 17.22179213538766,
        "p95": 69.21341712586582,
        "mean": 34.444591721209385
      },
      "latency_reasoning_ms": {
        "p50": 0.280875014141202,
        "p95": 0.4173337947577238,
        "mean": 0.28695559594780207
      },
      "latency_safety_input_ms": {
        "p50": 0.02554105594754219,
        "p95": 0.043209176510572433,
        "mean": 0.02778198104351759
      },
      "latency_safety_output_ms": {
        "p50": 6.604208843782544,
        "p95": 8.300458081066608,
        "mean": 6.506894466777642
      }
    },
    "hi": {
      "n": 30,
      "citation_precision": 0.8666666666666667,
      "citation_recall": 0.8666666666666667,
      "citation_f1": 0.8666666666666667,
      "abstain_rate": 0.13333333333333333,
      "correct_abstain_rate": 1.0,
      "latency_total_ms": {
        "p50": 20.402417052537203,
        "p95": 25.35125007852912,
        "mean": 20.812277899434168
      },
      "latency_retrieval_ms": {
        "p50": 14.047375181689858,
        "p95": 18.297249916940928,
        "mean": 14.552604034543037
      },
      "latency_reasoning_ms": {
        "p50": 0.2371249720454216,
        "p95": 0.3779579419642687,
        "mean": 0.25132508017122746
      },
      "latency_safety_input_ms": {
        "p50": 0.0342091079801321,
        "p95": 0.05400017835199833,
        "mean": 0.03507921161750952
      },
      "latency_safety_output_ms": {
        "p50": 5.9315001126378775,
        "p95": 8.734666975215077,
        "mean": 5.949076420317094
      }
    }
  },
  "offline": true
}