{
  "name": "llamaindex",
  "k": 5,
  "n_chunks": 420,
  "n_queries": 930,
  "index_ms": 57231.08424991369,
  "index_bytes": 0,
  "recall_at_k": 0.9516129032258065,
  "mrr": 0.7911111111111111,
  "qps": 40.716936149541304,
  "per_lang": {
    "en": {
      "n": 310.0,
      "recall_at_k": 0.9741935483870968,
      "mrr": 0.7996236559139784
    },
    "es": {
      "n": 310.0,
      "recall_at_k": 0.9612903225806452,
      "mrr": 0.8081720430107526
    },
    "hi": {
      "n": 310.0,
      "recall_at_k": 0.9193548387096774,
      "mrr": 0.7655376344086021
    }
  },
  "error": null
}