{
  "name": "txtai",
  "k": 5,
  "n_chunks": 420,
  "n_queries": 930,
  "index_ms": 14574.179416988045,
  "index_bytes": 0,
  "recall_at_k": 0.9505376344086022,
  "mrr": 0.7870250896057347,
  "qps": 58.52506147100489,
  "per_lang": {
    "en": {
      "n": 310.0,
      "recall_at_k": 0.967741935483871,
      "mrr": 0.7951612903225806
    },
    "es": {
      "n": 310.0,
      "recall_at_k": 0.964516129032258,
      "mrr": 0.8030645161290322
    },
    "hi": {
      "n": 310.0,
      "recall_at_k": 0.9193548387096774,
      "mrr": 0.7628494623655914
    }
  },
  "error": null
}